Client Order ID,Instrument,Side,Quantity,Price
co00	Rose	1	10	100
co01	Lavender	2	20	80
co02	Lotus	1	30	60
co03	Tulip	1	40	120
co04	Orchid	1	50	50
co05	Rose	2	60	100
co06	Lavender	2	70	80
co07	Lotus	2	80	60
co08	Tulip	2	90	120
co09	Orchid	2	100	50
co10	Rose	1	110	100
co11	Lavender	2	120	80
co12	Lotus	2	130	60
co13	Tulip	2	140	120
co14	Orchid	2	150	50
co15	Rose	1	160	100
co16	Lavender	1	170	80
co17	Lotus	2	180	60
co18	Tulip	2	190	120
co19	Orchid	2	200	50
co20	Rose	2	210	100
co21	Lavender	1	220	80
co22	Lotus	2	230	60
co23	Tulip	2	240	120
co24	Orchid	1	250	50
co25	Rose	1	260	100
co26	Lavender	1	270	80
co27	Lotus	1	280	60
co28	Tulip	1	290	120
co29	Orchid	2	300	50
